22,1,12,2.696503,11,50,2024-01-18 13:51:55.936826,132
23,1,12,3.169797,11,50,2024-01-18 13:52:08.842631,132
24,1,12,3.642907,11,50,2024-01-18 13:52:23.589914,132
25,1,12,4.228364,11,50,2024-01-18 13:52:37.718770,132
26,1,12,0.412353,11,50,2024-01-18 13:53:17.341287,132
27,1,12,0.897013,11,50,2024-01-18 13:53:31.186444,132
28,1,12,1.40393,11,50,2024-01-18 13:53:45.712323,132
29,1,12,2.96956,11,50,2024-01-18 13:54:27.687957,132
30,1,12,3.476403,11,50,2024-01-18 13:54:40.598035,132
31,1,12,3.949404,11,50,2024-01-18 13:54:53.498206,132
32,1,12,4.422147,11,50,2024-01-18 13:55:06.399644,132
33,1,12,4.90677,11,50,2024-01-18 13:55:19.916301,132
34,1,12,5.390843,11,50,2024-01-18 13:55:33.122119,132
35,1,12,5.875504,11,50,2024-01-18 13:55:46.030923,132
36,1,12,0.40084,11,50,2024-01-18 13:56:28.725543,132
37,1,12,0.873877,11,50,2024-01-18 13:56:41.624005,132
38,1,12,1.346987,11,50,2024-01-18 13:56:54.534943,132
39,1,12,1.820023,11,50,2024-01-18 13:57:07.431975,132
40,1,12,2.292767,11,50,2024-01-18 13:57:20.436889,132
41,1,12,2.788683,11,50,2024-01-18 13:57:33.849795,132
42,1,12,3.27272,11,50,2024-01-18 13:57:47.366928,132
43,1,12,3.757087,11,50,2024-01-18 13:58:00.269844,132
44,1,12,4.230453,11,50,2024-01-18 13:58:14.401489,132
45,1,12,4.83868,11,50,2024-01-18 13:58:30.064744,132
46,1,12,5.255103,11,50,2024-01-18 13:58:41.126363,132
47,1,12,5.660893,11,50,2024-01-18 13:58:52.179152,132
48,1,12,6.06639,11,50,2024-01-18 13:59:03.549077,132
49,1,12,6.55072,11,50,2024-01-18 13:59:16.450293,132
50,1,12,7.05727,11,50,2024-01-18 13:59:30.270876,132
51,1,12,7.463059,11,50,2024-01-18 13:59:41.345109,132
52,1,12,7.868519,11,50,2024-01-18 13:59:52.391480,132
53,1,12,9.021907,11,50,2024-01-19 06:09:43.944562,132
54,1,12,19.74687,11,50,2024-01-19 06:13:44.036902,132
55,1,12,28.618994,11,50,2024-01-19 06:17:43.963625,132
56,1,12,37.345295,11,50,2024-01-19 06:21:44.027439,132
57,1,12,46.15127,11,50,2024-01-19 06:26:36.023584,132
58,1,12,57.075336,11,50,2024-01-19 06:29:47.106679,132
59,1,12,64.02906,11,50,2024-01-19 06:36:36.193773,132
60,1,12,81.628365,11,50,2024-01-19 06:42:44.273619,132
61,1,12,0.995573,11,50,2024-01-19 13:19:29.509071,132
62,1,12,1.55111,11,50,2024-01-19 13:19:43.177001,132
63,1,12,1.063553,11,50,2024-01-19 13:20:42.490724,132
64,1,12,1.47136,11,50,2024-01-19 13:20:53.614477,132
65,1,12,1.86186,11,50,2024-01-19 13:21:04.974367,132
66,1,12,2.282353,11,50,2024-01-19 13:21:15.685498,132
67,1,12,2.61272,11,50,2024-01-19 13:21:24.483893,132
68,1,12,2.931866,11,50,2024-01-19 13:21:33.040410,132
69,1,12,3.30737,11,50,2024-01-19 13:21:43.443946,132
70,1,12,3.69413,11,50,2024-01-19 13:21:54.114522,132
71,1,12,4.118363,11,50,2024-01-19 13:22:05.564113,132
72,1,12,4.501346,11,50,2024-01-19 13:22:15.994202,132
73,1,12,4.899363,11,50,2024-01-19 13:22:27.343584,132
74,1,12,5.316079,11,50,2024-01-19 13:22:38.253817,132
75,1,12,5.714096,11,50,2024-01-19 13:22:49.343043,132
76,1,12,6.202202,11,50,2024-01-19 13:23:04.223675,132
77,1,12,0.866653,11,50,2024-01-19 13:24:08.029597,132
78,1,12,1.349003,11,50,2024-01-19 13:24:18.630909,132
79,1,12,1.739467,11,50,2024-01-19 13:24:29.123549,132
80,1,12,2.118637,11,50,2024-01-19 13:24:39.630832,132
81,1,12,2.509173,11,50,2024-01-19 13:24:50.439368,132
82,1,12,2.918447,11,50,2024-01-19 13:25:01.780033,132
83,1,12,3.327647,11,50,2024-01-19 13:25:12.540571,132
84,1,12,3.718147,11,50,2024-01-19 13:25:23.360815,132
85,1,12,4.12368,11,50,2024-01-19 13:25:34.652450,132
86,1,12,4.570464,11,50,2024-01-19 13:25:47.572526,132
87,1,12,5.0248,11,50,2024-01-19 13:26:00.442170,132
88,1,12,1.064177,11,50,2024-01-19 13:26:56.751131,132
89,1,12,1.475943,11,50,2024-01-19 13:27:08.001407,132
90,1,12,1.825083,11,50,2024-01-19 13:27:17.220603,132
91,1,12,2.14423,11,50,2024-01-19 13:27:26.231019,132
92,1,12,2.502023,11,50,2024-01-19 13:27:35.950603,132
93,1,12,2.898977,11,50,2024-01-19 13:27:46.503340,132
94,1,12,3.296957,11,50,2024-01-19 13:27:57.620616,132
95,1,12,3.70997,11,50,2024-01-19 13:28:08.940397,132
96,1,12,4.124084,11,50,2024-01-19 13:28:19.920850,132
97,1,10,10,10,41.666668,2024-01-19 13:30:47.389969,10
98,1,10,10,10,41.666668,2024-01-19 13:30:53.308106,10
99,1,10,10,10,41.666668,2024-01-19 16:32:56.081196,10
100,1,12,21.007969,11,50,2024-01-19 13:36:02.957545,132
101,1,10,10,10,41.666668,2024-01-19 16:36:09.175321,10
102,1,12,21.487165,11,50,2024-01-19 13:36:13.186984,132
103,1,12,21.858782,11,50,2024-01-19 13:36:24.147503,132
104,1,12,22.286901,11,50,2024-01-19 13:36:35.107402,132
105,1,12,22.684845,11,50,2024-01-19 13:36:46.307039,132
106,1,12,23.079048,11,50,2024-01-19 13:36:58.224045,132
107,1,12,23.52213,11,50,2024-01-19 13:37:08.997717,132
108,1,12,23.912592,11,50,2024-01-19 13:37:19.436766,132
109,1,12,24.303898,11,50,2024-01-19 13:37:30.319016,132
110,1,12,24.757391,11,50,2024-01-19 13:37:43.064288,132
111,1,12,2.27887,11,50,2024-01-19 13:53:29.269430,132
112,1,12,2.676923,11,50,2024-01-19 13:53:40.723190,132
113,1,12,3.086123,11,50,2024-01-19 13:53:51.589214,132
114,1,12,3.529166,11,50,2024-01-19 13:54:03.463291,132
115,1,12,3.915853,11,50,2024-01-19 13:54:13.943022,132
116,1,12,4.302649,11,50,2024-01-19 13:54:24.460905,132
117,1,12,4.685706,11,50,2024-01-19 13:54:35.421902,132
118,1,12,5.087426,11,50,2024-01-19 13:54:45.750732,132
119,1,12,5.485333,11,50,2024-01-19 13:54:56.581810,132
120,1,12,5.879646,11,50,2024-01-19 13:55:07.461256,132
121,1,12,6.27011,11,50,2024-01-19 13:55:18.110366,132
122,1,12,6.660536,11,50,2024-01-19 13:55:29.377478,132
123,1,12,7.182486,11,50,2024-01-19 13:55:44.739696,132
124,1,12,7.636749,11,50,2024-01-19 13:55:55.478665,132
125,1,12,8.019806,11,50,2024-01-19 13:56:05.965106,132
126,1,12,8.432746,11,50,2024-01-19 13:56:18.677190,132
127,1,12,8.872086,11,50,2024-01-19 13:56:29.409319,132
128,1,12,9.296355,11,50,2024-01-19 13:56:40.961351,132
129,1,12,9.695985,11,50,2024-01-19 13:56:51.498519,132
130,1,12,10.084798,11,50,2024-01-19 13:57:02.065931,132
131,1,12,10.467818,11,50,2024-01-19 13:57:12.488340,132
132,1,12,10.858245,11,50,2024-01-19 13:57:23.578396,132
133,1,12,13.081052,11,50,2024-01-19 13:58:24.381650,132
134,1,12,13.486548,11,50,2024-01-19 13:58:35.132230,132
135,1,12,13.904108,11,50,2024-01-19 13:58:48.962376,132
136,1,12,14.489015,11,50,2024-01-19 13:59:02.538539,132
137,1,12,15.018372,11,50,2024-01-19 13:59:16.592104,132
138,1,12,15.409495,11,50,2024-01-19 13:59:27.729079,132
139,1,12,15.821959,11,50,2024-01-19 13:59:39.401136,132
140,1,12,16.238712,11,50,2024-01-19 13:59:51.046467,132
141,1,12,16.70053,11,50,2024-01-19 14:00:02.959741,132
142,1,10,10,10,41.666668,2024-01-19 17:00:44.134680,10
143,1,12,0.484293,11,50,2024-01-19 16:31:30.061908,132
144,1,12,1.17018,11,50,2024-01-19 16:31:47.497706,132
145,1,12,1.575713,11,50,2024-01-19 16:31:58.905690,132
146,1,12,1.992833,11,50,2024-01-19 16:32:10.041731,132
147,1,12,2.412997,11,50,2024-01-19 16:32:21.601142,132
148,1,12,2.844783,11,50,2024-01-19 16:32:33.198059,132
149,1,12,3.253983,11,50,2024-01-19 16:32:44.265883,132
150,1,12,3.659553,11,50,2024-01-19 16:32:55.650742,132
151,1,12,4.09508,11,50,2024-01-19 16:33:07.285843,132
152,1,12,4.5419,11,50,2024-01-19 16:33:19.414294,132
153,1,12,4.954876,11,50,2024-01-19 16:33:30.365684,132
154,1,12,5.371666,11,50,2024-01-19 16:33:42.479748,132
155,1,12,5.82219,11,50,2024-01-19 16:33:55.172890,132
156,1,12,6.295263,11,50,2024-01-19 16:34:07.285782,132
157,1,12,6.708313,11,50,2024-01-19 16:34:18.645150,132
158,1,12,7.125103,11,50,2024-01-19 16:34:29.766296,132
159,1,12,7.526787,11,50,2024-01-19 16:34:40.735033,132
160,1,12,7.92858,11,50,2024-01-19 16:34:52.126010,132
161,1,12,8.352814,11,50,2024-01-19 16:35:03.400031,132
162,1,12,8.762124,11,50,2024-01-19 16:35:14.350223,132
163,1,12,9.167584,11,50,2024-01-19 16:35:25.741894,132
164,1,12,9.580634,11,50,2024-01-19 16:35:36.784993,132
165,1,12,9.994308,11,50,2024-01-19 16:35:48.175623,132
166,1,12,10.399108,11,50,2024-01-19 16:35:59.119975,132
167,1,12,10.875957,11,50,2024-01-19 16:36:12.225799,132
168,1,12,11.330295,11,50,2024-01-19 16:36:24.535354,132
169,1,12,11.773338,11,50,2024-01-19 16:36:38.056021,132
170,1,12,12.238932,11,50,2024-01-19 16:36:49.665960,132
171,1,12,12.659425,11,50,2024-01-19 16:37:00.774795,132
172,1,12,13.072401,11,50,2024-01-19 16:37:12.199567,132
173,1,12,13.496708,11,50,2024-01-19 16:37:23.775963,132
174,1,12,14.698201,11,50,2024-01-19 16:37:56.560456,132
175,1,12,0.960667,11,50,2024-01-19 16:41:27.583865,132
176,1,12,1.428827,11,50,2024-01-19 16:41:38.821822,132
177,1,12,1.826807,11,50,2024-01-19 16:41:51.451386,132
178,1,12,2.329947,11,50,2024-01-19 16:42:03.331817,132
179,1,12,2.70919,11,50,2024-01-19 16:42:14.284227,132
180,1,12,3.12213,11,50,2024-01-19 16:42:25.036034,132
181,1,12,3.505114,11,50,2024-01-19 16:42:35.663872,132
182,1,12,3.89939,11,50,2024-01-19 16:42:46.594357,132
183,1,12,4.29737,11,50,2024-01-19 16:42:57.040750,132
184,1,12,4.684057,11,50,2024-01-19 16:43:07.375747,132
185,1,12,5.059524,11,50,2024-01-19 16:43:19.812673,132
186,1,12,5.513861,11,50,2024-01-19 16:43:30.371643,132
187,1,12,5.904324,11,50,2024-01-19 16:43:40.900920,132
188,1,12,6.298564,11,50,2024-01-19 16:43:51.844205,132
189,1,12,6.745384,11,50,2024-01-19 16:44:04.225924,132
190,1,12,7.193084,11,50,2024-01-19 16:44:16.451826,132
191,1,12,7.597664,11,50,2024-01-19 16:44:27.150551,132
192,1,12,8.119577,11,50,2024-01-19 16:44:41.374629,132
193,1,12,8.633974,11,50,2024-01-19 16:44:55.482862,132
194,1,12,9.031954,11,50,2024-01-19 16:45:06.366674,132
195,1,12,9.42623,11,50,2024-01-19 16:45:17.126860,132
196,1,12,9.858054,11,50,2024-01-19 16:45:29.151344,132
197,1,12,10.267218,11,50,2024-01-19 16:45:40.287315,132
198,1,12,10.672751,11,50,2024-01-19 16:45:50.914954,132
199,1,12,11.104502,11,50,2024-01-19 16:46:02.695250,132
200,1,12,11.596349,11,50,2024-01-19 16:46:16.221271,132
201,1,12,12.039466,11,50,2024-01-19 16:46:28.394085,132
202,1,12,12.426189,11,50,2024-01-19 16:46:38.673732,132
203,1,12,12.809136,11,50,2024-01-19 16:46:49.285345,132
204,1,12,13.207153,11,50,2024-01-19 16:47:00.964392,132
205,1,12,13.56755,11,50,2024-01-19 16:47:10.044036,132
206,1,12,13.897917,11,50,2024-01-19 16:47:19.090078,132
207,1,12,14.296007,11,50,2024-01-19 16:47:30.174178,132
208,1,12,14.693913,11,50,2024-01-19 16:47:40.585532,132
209,1,12,15.08071,11,50,2024-01-19 16:47:51.747288,132
210,1,12,15.531234,11,50,2024-01-19 16:48:06.283543,132
211,1,12,16.041853,11,50,2024-01-19 16:48:17.505478,132
212,1,12,16.44735,11,50,2024-01-19 16:48:28.304022,132
213,1,12,16.830334,11,50,2024-01-19 16:48:38.633620,132
214,1,12,17.20206,11,50,2024-01-19 16:48:49.051644,132
215,1,12,17.585007,11,50,2024-01-19 16:48:59.484712,132
216,1,12,18.005537,11,50,2024-01-19 16:49:12.262766,132
217,1,12,18.45606,11,50,2024-01-19 16:49:25.504590,132
218,1,12,18.947945,11,50,2024-01-19 16:49:38.300933,132
219,1,12,19.402245,11,50,2024-01-19 16:49:48.925060,132
220,1,12,19.882431,11,50,2024-01-19 16:50:02.155020,132
221,1,12,20.27337,11,50,2024-01-19 16:50:12.855358,132
222,1,12,20.663834,11,50,2024-01-19 16:50:27.022196,132
223,1,12,21.339638,11,50,2024-01-19 16:50:45.310120,132
224,1,12,22.083677,11,50,2024-01-19 16:51:05.717062,132
225,1,12,22.691355,11,50,2024-01-19 16:51:18.688084,132
226,1,12,23.078041,11,50,2024-01-19 16:51:29.339549,132
227,1,12,1.138133,11,50,2024-01-19 16:52:32.220807,132
228,1,12,1.568747,11,50,2024-01-19 16:52:51.291027,132
229,1,12,2.571287,11,50,2024-01-19 16:53:10.979557,132
230,1,12,2.999223,11,50,2024-01-19 16:53:29.660547,132
231,1,12,3.746417,11,50,2024-01-19 16:53:42.770838,132
232,1,12,4.151913,11,50,2024-01-19 16:53:54.523568,132
233,1,12,4.583663,11,50,2024-01-19 16:54:05.562485,132
234,1,12,4.9742,11,50,2024-01-19 16:54:16.190248,132
235,1,12,5.368476,11,50,2024-01-19 16:54:29.725508,132
236,1,12,6.093083,11,50,2024-01-19 16:54:49.473178,132
237,1,12,6.646016,11,50,2024-01-19 16:55:03.113952,132
238,1,12,7.084256,11,50,2024-01-19 16:55:13.833931,132
239,1,12,1.014567,11,50,2024-01-19 16:56:09.586858,132
240,1,12,1.531273,11,50,2024-01-19 16:56:24.387007,132
241,1,12,2.068183,11,50,2024-01-19 16:56:38.282693,132
242,1,12,2.47368,11,50,2024-01-19 16:56:49.386294,132
243,1,12,2.882917,11,50,2024-01-19 16:57:00.568331,132
244,1,12,3.29593,11,50,2024-01-19 16:57:11.927769,132
245,1,12,3.71272,11,50,2024-01-19 16:57:23.205609,132
246,1,12,4.121956,11,50,2024-01-19 16:57:34.376038,132
247,1,12,4.640166,11,50,2024-01-19 16:57:53.763423,132
248,1,12,5.387286,11,50,2024-01-19 16:58:15.123413,132
249,1,12,6.085676,11,50,2024-01-19 16:58:30.041379,132
250,1,12,1.087937,11,50,2024-01-19 16:59:34.986549,132
251,1,12,1.548543,11,50,2024-01-19 16:59:47.777282,132
252,1,12,2.303253,11,50,2024-01-19 17:00:08.046207,132
253,1,12,2.704973,11,50,2024-01-19 17:00:21.037578,132
254,1,12,3.200634,11,50,2024-01-19 17:00:46.723886,132
255,1,12,4.195547,11,50,2024-01-19 17:01:03.469647,132
256,1,12,0.949117,11,50,2024-01-19 17:01:57.609808,132
257,1,12,1.657553,11,50,2024-01-19 17:02:40.285736,132
258,1,12,3.005457,11,50,2024-01-19 17:03:05.967945,132
259,1,12,1.2221,11,50,2024-01-19 17:04:12.546403,132
260,1,12,2.009407,11,50,2024-01-19 17:04:29.426747,132
261,1,12,2.707723,11,50,2024-01-19 17:04:54.898192,132
262,1,12,3.53001,11,50,2024-01-19 17:05:15.649290,132
263,1,12,4.269687,11,50,2024-01-19 17:05:35.014802,132
264,1,12,5.11071,11,50,2024-01-19 17:05:54.387318,132
265,1,12,0.901193,11,50,2024-01-19 17:06:53.046787,132
266,1,12,1.46718,11,50,2024-01-19 17:07:04.848199,132
267,1,12,1.890607,11,50,2024-01-19 17:07:16.506540,132
268,1,12,2.352423,11,50,2024-01-19 17:07:29.050049,132
269,1,12,2.89311,11,50,2024-01-19 17:07:47.018602,132
270,1,12,3.445016,11,50,2024-01-19 17:08:01.767825,132
271,1,12,4.027173,11,50,2024-01-19 17:08:14.602919,132
272,1,12,4.443743,11,50,2024-01-19 17:08:28.283153,132
273,1,12,4.95066,11,50,2024-01-19 17:08:40.871335,132
274,1,12,0.505083,11,50,2024-01-19 17:21:25.991865,132
275,1,12,1.054607,11,50,2024-01-19 17:21:37.152630,132
276,1,12,1.46388,11,50,2024-01-19 17:21:55.577355,132
277,1,12,2.128464,11,50,2024-01-19 17:22:07.259334,132
278,1,12,2.605314,11,50,2024-01-19 17:22:22.721696,132
279,1,12,3.119673,11,50,2024-01-19 17:22:33.481293,132
280,1,12,3.51021,11,50,2024-01-19 17:22:44.120452,132
281,1,12,3.900674,11,50,2024-01-19 17:22:54.776615,132
282,1,12,4.294877,11,50,2024-01-19 17:23:05.841632,132
283,1,12,4.696634,11,50,2024-01-19 17:23:17.445796,132
284,1,12,5.12842,11,50,2024-01-19 17:23:32.042031,132
285,1,12,5.661591,11,50,2024-01-19 17:23:42.686345,132
286,1,12,6.052054,11,50,2024-01-19 17:23:53.336529,132
287,1,12,6.457551,11,50,2024-01-19 17:24:04.412055,132
288,1,12,6.848087,11,50,2024-01-19 17:24:15.259625,132
289,1,12,7.246068,11,50,2024-01-19 17:24:26.106916,132
290,1,12,7.644011,11,50,2024-01-19 17:24:36.856222,132
291,1,12,8.083314,11,50,2024-01-19 17:24:48.850209,132
292,1,12,8.488811,11,50,2024-01-19 17:25:02.974035,132
293,1,12,9.036977,11,50,2024-01-19 17:25:14.943950,132
294,1,12,9.453767,11,50,2024-01-19 17:25:26.215955,132
295,1,12,9.855487,11,50,2024-01-19 17:25:37.287835,132
296,1,12,1.009763,11,50,2024-01-19 17:26:39.887204,132
297,1,12,1.47785,11,50,2024-01-19 17:26:53.527573,132
298,1,12,1.943443,11,50,2024-01-19 17:27:05.220475,132
299,1,12,2.39778,11,50,2024-01-19 17:27:17.287782,132
300,1,12,2.99277,11,50,2024-01-19 17:27:33.218084,132
301,1,12,3.497854,11,50,2024-01-19 17:27:47.138775,132
302,1,12,3.910867,11,50,2024-01-19 17:27:59.283380,132
303,1,12,4.361464,11,50,2024-01-19 17:28:10.832622,132
304,1,12,4.954657,11,50,2024-01-19 17:28:28.594159,132
305,1,12,5.435247,11,50,2024-01-19 17:28:50.550066,132
306,1,12,6.497847,11,50,2024-01-19 17:29:09.216341,132
307,1,12,6.929634,11,50,2024-01-19 17:29:20.896786,132
308,1,12,8.416576,11,50,2024-01-19 17:30:03.206627,132
309,1,12,8.923309,11,50,2024-01-19 17:30:23.100919,132
310,1,12,9.62544,11,50,2024-01-19 17:30:33.828812,132
311,1,12,10.251926,11,50,2024-01-19 17:30:51.741650,132
312,1,12,10.67297,11,50,2024-01-19 17:31:02.405142,132
313,1,12,11.08041,11,50,2024-01-19 17:31:13.871561,132
314,1,12,11.480224,11,50,2024-01-19 17:31:24.512444,132
315,1,12,11.975847,11,50,2024-01-19 17:31:38.242482,132
316,1,12,12.497724,11,50,2024-01-19 17:31:52.683003,132
317,1,12,13.094437,11,50,2024-01-19 17:32:08.443633,132
318,1,12,13.68048,11,50,2024-01-19 17:32:24.721375,132
319,1,12,2.507377,11,50,2024-01-19 17:34:04.376941,132
320,1,12,2.930033,11,50,2024-01-19 17:34:15.924748,132
321,1,12,3.312943,11,50,2024-01-19 17:34:26.283927,132
322,1,12,3.654603,11,50,2024-01-19 17:34:35.387082,132
323,1,12,4.05262,11,50,2024-01-19 17:34:47.169758,132
324,1,12,4.4957,11,50,2024-01-19 17:34:58.548240,132
325,1,12,4.88994,11,50,2024-01-19 17:35:09.294207,132
326,1,12,5.29925,11,50,2024-01-19 17:35:25.386480,132
327,1,12,6.046626,11,50,2024-01-19 17:35:46.656383,132
328,1,12,6.744723,11,50,2024-01-19 17:36:01.784719,132
329,1,12,7.21776,11,50,2024-01-19 17:36:13.058860,132
330,1,12,7.638326,11,50,2024-01-19 17:36:24.426773,132
331,1,12,8.423066,11,50,2024-01-19 17:36:46.006775,132
332,1,12,8.899916,11,50,2024-01-19 17:36:58.362407,132
333,1,12,9.290342,11,50,2024-01-19 17:37:09.507908,132
334,1,12,9.744679,11,50,2024-01-19 17:37:25.645557,132
335,1,12,10.292846,11,50,2024-01-19 17:37:37.824480,132
336,1,12,10.750959,11,50,2024-01-19 17:37:50.480227,132
337,1,12,11.212739,11,50,2024-01-19 17:38:01.938191,132
338,1,12,11.640785,11,50,2024-01-19 17:38:13.507611,132
339,1,12,12.053835,11,50,2024-01-19 17:38:24.736328,132
340,1,12,12.493101,11,50,2024-01-19 17:38:37.329746,132
341,1,12,13.041267,11,50,2024-01-19 17:38:51.986179,132
342,1,12,13.653271,11,50,2024-01-19 17:39:15.401347,132
343,1,12,14.317854,11,50,2024-01-19 17:39:26.219312,132
344,1,12,14.92234,11,50,2024-01-19 17:39:44.203170,132
345,1,12,15.451771,11,50,2024-01-19 17:39:59.764733,132
346,1,12,15.962391,11,50,2024-01-19 17:40:20.615161,132
347,1,12,16.86351,11,50,2024-01-19 17:40:38.926564,132
348,1,12,17.494287,11,50,2024-01-19 17:40:56.270944,132
349,1,12,18.263445,11,50,2024-01-19 17:41:14.453666,132
350,1,12,18.798998,11,50,2024-01-19 17:41:28.684738,132
351,1,12,19.206402,11,50,2024-01-19 17:41:39.969060,132
352,1,12,19.634413,11,50,2024-01-19 17:41:53.084209,132
353,1,12,20.220163,11,50,2024-01-19 17:42:08.710743,132
354,1,12,20.68572,11,50,2024-01-19 17:42:21.793894,132
355,1,12,21.380333,11,50,2024-01-19 17:42:39.471071,132
356,1,12,21.80464,11,50,2024-01-19 17:42:50.741979,132
357,1,12,22.221394,11,50,2024-01-19 17:43:03.847859,132
358,1,12,22.74327,11,50,2024-01-19 17:43:16.406709,132
359,1,12,23.184225,11,50,2024-01-19 17:43:28.494951,132
360,1,12,23.591812,11,50,2024-01-19 17:43:39.301081,132
361,1,12,24.008566,11,50,2024-01-19 17:43:50.885363,132
362,1,12,24.447868,11,50,2024-01-19 17:44:02.555546,132
363,1,12,24.913462,11,50,2024-01-19 17:44:15.290650,132
364,1,12,25.337732,11,50,2024-01-19 17:44:27.407109,132
365,1,12,25.795809,11,50,2024-01-19 17:44:44.086206,132
366,1,12,26.396555,11,50,2024-01-19 17:44:56.053792,132
367,1,12,26.798275,11,50,2024-01-19 17:45:06.834409,132
368,1,12,27.207548,11,50,2024-01-19 17:45:18.124216,132
369,1,12,27.74068,11,50,2024-01-19 17:45:32.404255,132
370,1,12,28.285145,11,50,2024-01-19 17:45:51.534554,132
371,1,12,29.0323,11,50,2024-01-19 17:46:11.171053,132
372,1,12,29.801971,11,50,2024-01-19 17:46:33.528412,132
373,1,12,0.859503,11,50,2024-01-19 17:47:30.945546,132
374,1,12,1.462817,11,50,2024-01-19 17:47:49.451094,132
375,1,12,1.920857,11,50,2024-01-19 17:47:58.780471,132
376,1,12,2.30758,11,50,2024-01-19 17:48:09.430608,132
377,1,12,2.915807,11,50,2024-01-19 17:48:26.301211,132
378,1,12,3.411467,11,50,2024-01-19 17:48:39.650943,132
379,1,12,3.82822,11,50,2024-01-19 17:48:51.031148,132
380,1,12,4.35391,11,50,2024-01-19 17:49:05.460339,132
381,1,12,4.78192,11,50,2024-01-19 17:49:17.242788,132
382,1,12,5.221223,11,50,2024-01-19 17:49:29.242158,132
383,1,12,5.66093,11,50,2024-01-19 17:49:41.392618,132
384,1,12,6.107347,11,50,2024-01-19 17:49:53.204292,132
385,1,12,6.610414,11,50,2024-01-19 17:50:07.310796,132
386,1,12,7.042457,11,50,2024-01-19 17:50:21.540892,132
387,1,12,7.665461,11,50,2024-01-19 17:50:35.771316,132
388,1,12,8.089767,11,50,2024-01-19 17:50:47.171158,132
389,1,12,8.510261,11,50,2024-01-19 17:50:58.932102,132
390,1,12,8.946191,11,50,2024-01-19 17:51:10.684323,132
391,1,12,9.403864,11,50,2024-01-19 17:51:23.484123,132
392,1,12,9.839427,11,50,2024-01-19 17:51:36.123956,132
393,1,12,10.301207,11,50,2024-01-19 17:51:47.540576,132
394,1,12,10.714293,11,50,2024-01-19 17:51:58.820514,132
395,1,12,11.138527,11,50,2024-01-19 17:52:10.590612,132
396,1,12,11.581533,11,50,2024-01-19 17:52:22.361411,132
397,1,12,12.08845,11,50,2024-01-19 17:52:36.289420,132
398,1,12,12.523977,11,50,2024-01-19 17:52:50.931966,132
399,1,12,13.04215,11,50,2024-01-19 17:53:03.018417,132
400,1,12,13.485194,11,50,2024-01-19 17:53:14.629904,132
401,1,12,13.920721,11,50,2024-01-19 17:53:26.191894,132
402,1,12,14.326218,11,50,2024-01-19 17:53:37.175316,132
403,1,12,14.742971,11,50,2024-01-19 17:53:48.710214,132
404,1,12,15.167682,11,50,2024-01-19 17:54:00.169679,132
405,1,12,15.580255,11,50,2024-01-19 17:54:14.325283,132
406,1,12,16.109684,11,50,2024-01-19 17:54:26.008911,132
407,1,12,16.537695,11,50,2024-01-19 17:54:41.212158,132
408,1,12,17.097155,11,50,2024-01-19 17:54:52.790173,132
409,1,12,17.513908,11,50,2024-01-19 17:55:04.192081,132
410,1,12,17.926922,11,50,2024-01-19 17:55:15.420075,132
411,1,12,18.336159,11,50,2024-01-19 17:55:26.889659,132
412,1,12,18.75669,11,50,2024-01-19 17:55:38.005588,132
413,1,12,19.162222,11,50,2024-01-19 17:55:49.140590,132
414,1,12,19.582716,11,50,2024-01-19 17:56:00.910768,132
415,1,12,20.003246,11,50,2024-01-19 17:56:12.605167,132
416,1,12,20.461287,11,50,2024-01-19 17:56:24.764025,132
417,1,12,20.893074,11,50,2024-01-19 17:56:36.282586,132
418,1,12,21.407507,11,50,2024-01-19 17:56:50.593537,132
419,1,12,21.820484,11,50,2024-01-19 17:57:01.843496,132
420,1,12,22.25238,11,50,2024-01-19 17:57:13.333814,132
421,1,12,22.654028,11,50,2024-01-19 17:57:24.430169,132
422,1,12,23.067041,11,50,2024-01-19 17:57:35.923682,132
423,1,12,23.510048,11,50,2024-01-19 17:57:47.899474,132
424,1,12,23.926802,11,50,2024-01-19 17:57:58.793880,132
425,1,12,24.343592,11,50,2024-01-19 17:58:10.541363,132
426,1,12,24.749088,11,50,2024-01-19 17:58:22.580198,132
427,1,12,25.214682,11,50,2024-01-19 17:58:34.524886,132
428,1,12,25.657652,11,50,2024-01-19 17:58:46.683180,132
429,1,12,26.190895,11,50,2024-01-19 17:59:01.023794,132
430,1,12,26.723991,11,50,2024-01-19 17:59:15.540645,132
431,1,12,27.14837,11,50,2024-01-19 17:59:27.083460,132
432,1,12,27.568827,11,50,2024-01-19 17:59:38.482668,132
433,1,12,27.993097,11,50,2024-01-19 17:59:50.182130,132
434,1,12,28.45869,11,50,2024-01-19 18:00:13.049299,132
435,1,12,29.318598,11,50,2024-01-19 18:00:28.707447,132
436,1,12,29.877947,11,50,2024-01-19 18:00:41.338161,132
437,1,0,0,0,0,2024-01-19 19:22:26.587016,0
438,1,12,0.78067,11,50,2024-01-19 19:22:38.278661,0
439,1,12,1.20494,11,50,2024-01-19 19:22:50.164884,0
440,1,12,1.644243,11,50,2024-01-19 19:23:02.126239,0
441,1,12,2.07977,11,50,2024-01-19 19:23:13.666674,0
442,1,12,2.504076,11,50,2024-01-19 19:23:25.545658,0
443,1,12,2.947083,11,50,2024-01-19 19:23:37.457909,0
444,1,12,3.37513,11,50,2024-01-19 19:23:49.946529,0
445,1,12,11.747849,11,50,2024-01-19 19:27:37.899973,0
446,1,12,12.195219,11,50,2024-01-19 19:27:49.679291,0
447,1,12,12.619489,11,50,2024-01-19 19:28:01.364927,0
448,1,12,13.227165,11,50,2024-01-19 19:28:18.864273,0
449,1,12,13.749629,11,50,2024-01-19 19:28:33.922464,0
450,1,12,14.177675,11,50,2024-01-19 19:28:43.668829,0
451,1,12,14.800935,11,50,2024-01-19 19:29:04.330308,0
452,1,12,15.427935,11,50,2024-01-19 19:29:20.305579,0
453,1,12,16.06619,11,50,2024-01-19 19:29:35.159157,0
454,1,12,16.486757,11,50,2024-01-19 19:29:46.510982,0
455,1,12,16.903511,11,50,2024-01-19 19:29:57.979292,0
456,1,12,17.327782,11,50,2024-01-19 19:30:09.449698,0
457,1,12,17.676958,11,50,2024-01-19 19:30:19.586414,0
458,1,12,18.048685,11,50,2024-01-19 19:30:29.216062,0
459,1,12,18.472956,11,50,2024-01-19 19:30:40.784443,0
460,1,12,18.829649,11,50,2024-01-19 19:30:50.415661,0
461,1,12,19.182602,11,50,2024-01-19 19:31:00.135405,0
462,1,12,19.674448,11,50,2024-01-19 19:31:13.565319,0
463,1,12,20.098719,11,50,2024-01-19 19:31:25.472887,0
464,1,12,20.470446,11,50,2024-01-19 19:31:35.577515,0
465,1,12,20.909712,11,50,2024-01-19 19:31:49.277865,0
466,1,12,21.454176,11,50,2024-01-19 19:32:02.298471,0
467,1,12,21.889666,11,50,2024-01-19 19:32:14.166289,0
468,1,12,22.321453,11,50,2024-01-19 19:32:26.160226,0
469,1,12,22.757017,11,50,2024-01-19 19:32:37.939214,0
470,1,12,23.196283,11,50,2024-01-19 19:32:49.766636,0
471,1,12,23.62433,11,50,2024-01-19 19:33:01.639040,0
472,1,12,24.063633,11,50,2024-01-19 19:33:13.379639,0
473,1,12,24.484127,11,50,2024-01-19 19:33:25.062759,0
474,1,12,24.919691,11,50,2024-01-19 19:33:36.809004,0
475,1,12,25.351479,11,50,2024-01-19 19:33:48.606214,0
476,1,12,25.72317,11,50,2024-01-19 19:33:59.449311,0
477,1,12,26.117409,11,50,2024-01-19 19:34:09.171210,0
478,1,12,26.470325,11,50,2024-01-19 19:34:19.033464,0
479,1,12,26.932583,11,50,2024-01-19 19:34:31.388274,0
480,1,12,27.36393,11,50,2024-01-19 19:34:43.479480,0
481,1,12,27.791977,11,50,2024-01-19 19:34:55.306201,0
482,1,12,28.223764,11,50,2024-01-19 19:35:07.129320,0
483,1,12,28.655552,11,50,2024-01-19 19:35:18.700215,0
484,1,12,29.102335,11,50,2024-01-19 19:35:30.899853,0
485,1,12,29.534122,11,50,2024-01-19 19:35:43.089623,0
486,1,12,29.977165,11,50,2024-01-19 19:35:54.758441,0
487,1,12,30.405212,11,50,2024-01-19 19:36:06.358314,0
488,1,12,30.840702,11,50,2024-01-19 19:36:18.210348,0
489,1,12,31.362028,11,50,2024-01-19 19:36:32.528634,0
490,1,12,31.794437,11,50,2024-01-19 19:36:44.312062,0
491,1,12,32.21867,11,50,2024-01-19 19:36:55.939423,0
492,1,12,32.755764,11,50,2024-01-19 19:37:10.218987,0
493,1,12,33.17611,11,50,2024-01-19 19:37:24.139808,0
494,1,12,33.801056,11,50,2024-01-19 19:37:38.878262,0
495,1,12,34.29613,11,50,2024-01-19 19:37:52.409209,0
496,1,12,34.741814,11,50,2024-01-19 19:38:04.599791,0
497,1,12,35.173565,11,50,2024-01-19 19:38:16.378941,0
498,1,12,35.594093,11,50,2024-01-19 19:38:28.079283,0
499,1,12,36.02214,11,50,2024-01-19 19:38:42.033670,0
500,1,12,36.61163,11,50,2024-01-19 19:38:58.348242,0
501,1,12,37.17857,11,50,2024-01-19 19:39:11.049166,0
502,1,12,37.599064,11,50,2024-01-19 19:39:22.409488,0
503,1,12,38.02337,11,50,2024-01-19 19:39:34.138838,0
504,1,12,38.45512,11,50,2024-01-19 19:39:45.818489,0
505,1,12,38.87565,11,50,2024-01-19 19:39:57.428952,0
506,1,12,39.303696,11,50,2024-01-19 19:40:08.899013,0
507,1,12,39.724224,11,50,2024-01-19 19:40:20.656225,0
508,1,12,40.26337,11,50,2024-01-19 19:40:37.588079,0
509,1,12,40.820557,11,50,2024-01-19 19:40:52.676688,0
510,1,12,41.334953,11,50,2024-01-19 19:41:04.398292,0
511,1,12,41.75548,11,50,2024-01-19 19:41:15.838234,0
512,1,12,42.179752,11,50,2024-01-19 19:41:27.589012,0
513,1,12,42.60776,11,50,2024-01-19 19:41:39.198733,0
514,1,12,43.03581,11,50,2024-01-19 19:41:50.746672,0
515,1,12,43.497623,11,50,2024-01-19 19:42:03.188972,0
516,1,12,43.914375,11,50,2024-01-19 19:42:14.748783,0
517,1,12,44.334904,11,50,2024-01-19 19:42:26.135949,0
518,1,12,44.792942,11,50,2024-01-19 19:42:38.636724,0
519,1,12,45.21567,11,50,2024-01-19 19:42:50.146581,0
520,1,12,45.649036,11,50,2024-01-19 19:43:02.069915,0
521,1,12,46.077045,11,50,2024-01-19 19:43:13.729243,0
522,1,12,46.501316,11,50,2024-01-19 19:43:25.439776,0
523,1,12,47.04083,11,50,2024-01-19 19:43:44.438222,0
524,1,12,47.70655,11,50,2024-01-19 19:44:00.747760,0
525,1,12,48.281006,11,50,2024-01-19 19:44:14.059400,0
526,1,12,48.837936,11,50,2024-01-19 19:44:30.905942,0
527,1,12,6.430233,11,50,2024-01-19 19:50:00.450254,0
528,1,12,2.368337,11,50,2024-01-20 11:43:28.849432,0
529,1,12,3.474277,11,50,2024-01-20 11:43:40.718980,0
530,1,12,3.846334,11,50,2024-01-20 11:43:52.343662,0
531,1,12,4.296857,11,50,2024-01-20 11:44:03.388751,0
532,1,12,4.7696,11,50,2024-01-20 11:44:16.518844,0
533,1,12,5.27274,11,50,2024-01-20 11:44:30.119452,0
534,1,12,5.742074,11,50,2024-01-20 11:44:43.118713,0
535,1,12,6.211407,11,50,2024-01-20 11:44:56.229160,0
536,1,12,6.68448,11,50,2024-01-20 11:45:10.308926,0
537,1,12,7.206394,11,50,2024-01-20 11:45:22.748999,0
538,1,12,7.668211,11,50,2024-01-20 11:45:35.239207,0
539,1,12,8.122547,11,50,2024-01-20 11:45:47.568553,0
540,1,12,8.561777,11,50,2024-01-20 11:45:59.978409,0
541,1,12,9.031147,11,50,2024-01-20 11:46:12.319008,0
542,1,12,9.485484,11,50,2024-01-20 11:46:25.508875,0
543,1,12,9.969777,11,50,2024-01-20 11:46:38.708454,0
544,1,12,10.480471,11,50,2024-01-20 11:46:52.398686,0
545,1,12,10.961024,11,50,2024-01-20 11:47:05.448759,0
546,1,12,11.434097,11,50,2024-01-20 11:47:18.669313,0
547,1,12,11.914724,11,50,2024-01-20 11:47:31.269100,0
548,1,12,12.372765,11,50,2024-01-20 11:47:43.679912,0
549,1,12,12.845838,11,50,2024-01-20 11:47:56.658803,0
550,1,12,13.300175,11,50,2024-01-20 11:48:08.939223,0
551,1,12,13.758215,11,50,2024-01-20 11:48:21.559571,0
552,1,12,14.216365,11,50,2024-01-20 11:48:34.058958,0
553,1,12,14.681885,11,50,2024-01-20 11:48:49.809238,0
554,1,12,15.522871,11,50,2024-01-20 11:49:09.701375,0
555,1,12,15.996017,11,50,2024-01-20 11:49:22.238978,0
556,1,12,16.465351,11,50,2024-01-20 11:49:34.586881,0
557,1,12,16.885845,11,50,2024-01-20 11:49:46.519310,0
558,1,12,17.332664,11,50,2024-01-20 11:49:59.030160,0
559,1,12,17.798368,11,50,2024-01-20 11:50:11.519242,0
560,1,12,18.256334,11,50,2024-01-20 11:50:24.350166,0
561,1,12,18.721891,11,50,2024-01-20 11:50:36.718993,0
562,1,12,19.176191,11,50,2024-01-20 11:50:51.539797,0
563,1,12,19.739428,11,50,2024-01-20 11:51:09.078559,0
564,1,12,20.38157,11,50,2024-01-20 11:51:22.807505,0
565,1,12,20.895784,11,50,2024-01-20 11:51:36.869426,0
566,1,12,21.474384,11,50,2024-01-20 11:51:51.989958,0
567,1,12,0.623737,11,50,2024-01-22 11:29:21.793416,0
568,1,12,3.291823,11,50,2024-01-22 11:30:36.274518,0
569,1,12,5.76488,11,50,2024-01-22 11:31:16.416523,0
570,1,12,6.87731,11,50,2024-01-22 11:31:44.643734,0
571,1,12,7.94783,11,50,2024-01-22 11:32:12.479495,0
572,1,12,9.501103,11,50,2024-01-22 11:32:54.142913,0
573,1,12,10.361194,11,50,2024-01-22 11:33:17.962203,0
574,1,12,11.31548,11,50,2024-01-22 11:33:46.077120,0
575,1,12,12.296937,11,50,2024-01-22 11:34:09.742353,0
576,1,12,13.0955,11,50,2024-01-22 11:34:31.417445,0
577,1,12,13.84977,11,50,2024-01-22 11:34:56.193956,0
578,1,12,14.817916,11,50,2024-01-22 11:35:22.692902,0
579,1,12,15.653255,11,50,2024-01-22 11:35:45.718844,0
580,1,12,16.532633,11,50,2024-01-22 11:36:08.350249,0
581,1,12,17.690163,11,50,2024-01-22 11:36:40.087985,0
582,1,12,18.69747,11,50,2024-01-22 11:37:03.722710,0
583,1,12,19.470695,11,50,2024-01-22 11:37:25.548283,0
584,1,12,20.303102,11,50,2024-01-22 11:37:51.411101,0
585,1,12,21.376373,11,50,2024-01-22 11:38:17.152423,0
586,1,12,22.184837,11,50,2024-01-22 11:38:39.893313,0
587,1,12,22.883778,11,50,2024-01-22 11:39:00.121000,0
588,1,12,23.659681,11,50,2024-01-22 11:39:18.913321,0
589,1,12,24.425867,11,50,2024-01-22 11:39:40.771191,0
590,1,12,25.226263,11,50,2024-01-22 11:40:03.125060,0
591,1,12,26.072456,11,50,2024-01-22 11:40:25.403664,0
592,1,12,2.460333,11,50,2024-01-22 11:48:14.321824,0
593,1,12,3.49404,11,50,2024-01-22 11:48:42.393236,0
594,1,12,4.3692,11,50,2024-01-22 11:49:05.664373,0
595,1,12,5.25635,11,50,2024-01-22 11:49:42.530525,0
596,1,12,6.562087,11,50,2024-01-22 11:50:06.569430,0
597,1,12,7.534157,11,50,2024-01-22 11:50:33.562849,0
598,1,12,8.445837,11,50,2024-01-22 11:51:01.519689,0
599,1,12,9.48013,11,50,2024-01-22 11:51:25.131064,0
600,1,12,10.29193,11,50,2024-01-22 11:51:50.006023,0
601,1,12,11.247793,11,50,2024-01-22 11:52:14.622353,0
603,1,12,13.276891,11,50,2024-01-22 11:53:39.373917,0
605,1,12,16.54169,11,50,2024-01-22 11:54:46.810223,0
606,1,12,18.096834,11,50,2024-01-22 11:55:21.193252,0
608,1,12,20.293022,11,50,2024-01-22 11:56:21.224543,0
609,1,12,0.399777,11,50,2024-01-22 11:57:36.030419,0
602,1,12,12.2397,11,50,2024-01-22 11:52:42.548344,0
604,1,12,15.505381,11,50,2024-01-22 11:54:09.577038,0
607,1,12,19.373495,11,50,2024-01-22 11:55:56.451759,0
610,1,12,4.706094,11,50,2024-01-22 12:34:21.640650,0
611,1,1,1,1,4.1666665,2024-01-22 14:04:18.796464,1
612,1,2,2,2,8.333333,2024-01-22 14:06:46.203605,2
613,1,2,2,2,8.333333,2024-01-22 14:07:56.738568,2
614,1,2,2,2,8.333333,2024-01-22 17:10:04.330054,2
615,1,2,2,2,8.333333,2024-01-22 17:12:13.764115,2
616,1,2,2,2,8.333333,2024-01-22 14:24:01.589798,2
617,1,3,3,3,12.5,2024-01-22 17:42:05.275341,3
618,1,5,5,5,20.833334,2024-01-22 14:57:42.441389,5
619,1,1,1,1,4.1666665,2024-01-22 15:13:52.317750,1
620,1,1,1,1,4.1666665,2024-01-22 15:18:03.798584,1
621,1,1,1,1,4.1666665,2024-01-22 15:22:29.943472,1
622,1,1,1,0,4.1666665,2024-01-22 15:22:38.641845,1
623,1,1,1,0,4.1666665,2024-01-22 15:26:16.610050,1
624,1,1,1,0,4.1666665,2024-01-22 15:30:16.624774,1
625,1,1,1,1,4.1666665,2024-01-22 15:30:23.199186,1
626,1,0,0,0,0,2024-01-22 15:36:24.843540,0
627,1,12,0.58762,11,50,2024-01-22 15:36:37.742991,0
628,1,12,1.060693,11,50,2024-01-22 15:36:50.637875,0
629,1,12,1.533767,11,50,2024-01-22 15:37:03.540842,0
630,1,12,2.00684,11,50,2024-01-22 15:37:16.456767,0
631,1,12,2.479913,11,50,2024-01-22 15:37:29.362918,0
632,1,12,2.953023,11,50,2024-01-22 15:37:42.263850,0
633,1,12,3.42606,11,50,2024-01-22 15:37:55.157735,0
634,1,12,3.899133,11,50,2024-01-22 15:38:08.136031,0
635,1,12,4.372207,11,50,2024-01-22 15:38:20.968075,0
636,1,12,4.845243,11,50,2024-01-22 15:38:33.863731,0
637,1,12,5.318354,11,50,2024-01-22 15:38:46.778689,0
638,1,12,5.791427,11,50,2024-01-22 15:38:59.675569,0
639,1,12,6.264501,11,50,2024-01-22 15:39:12.565396,0
640,1,12,6.737574,11,50,2024-01-22 15:39:25.471969,0
641,1,12,7.210648,11,50,2024-01-22 15:39:38.374390,0
642,1,12,7.683721,11,50,2024-01-22 15:39:51.268336,0
643,1,12,8.089328,11,50,2024-01-22 15:40:02.330326,0
644,1,12,8.495264,11,50,2024-01-22 15:40:13.395657,0
645,1,12,8.900174,11,50,2024-01-22 15:40:24.461094,0
646,1,12,9.351321,11,50,2024-01-22 15:40:36.747790,0
647,1,12,9.756231,11,50,2024-01-22 15:40:47.796716,0
648,1,12,0.317423,11,50,2024-01-22 15:41:36.964348,0
649,1,12,0.688453,11,50,2024-01-22 15:41:47.088726,0
650,1,12,1.048887,11,50,2024-01-22 15:41:57.529571,0
651,1,12,1.43187,11,50,2024-01-22 15:42:07.418266,0
652,1,12,1.792303,11,50,2024-01-22 15:42:17.193867,0
653,1,12,2.152737,11,50,2024-01-22 15:42:27.025079,0
654,1,12,0.3168,11,50,2024-01-22 15:43:04.499970,0
655,1,12,0.67661,11,50,2024-01-22 15:43:14.332731,0
656,1,12,1.037043,11,50,2024-01-22 15:43:24.180583,0
657,1,12,1.397477,11,50,2024-01-22 15:43:33.989947,0
658,1,12,1.75791,11,50,2024-01-22 15:43:43.819263,0
659,1,12,2.11838,11,50,2024-01-22 15:43:53.653064,0
660,1,12,2.49007,11,50,2024-01-22 15:44:03.792154,0
661,1,12,2.850467,11,50,2024-01-22 15:44:13.616032,0
662,1,12,3.21101,11,50,2024-01-22 15:44:23.453491,0
663,1,12,3.571627,11,50,2024-01-22 15:44:33.591962,0
664,1,12,3.94306,11,50,2024-01-22 15:44:43.418973,0
665,1,12,4.30353,11,50,2024-01-22 15:44:53.243399,0
666,1,12,4.663927,11,50,2024-01-22 15:45:03.086526,0
667,1,12,5.0248,11,50,2024-01-22 15:45:12.911802,0
668,1,12,5.396087,11,50,2024-01-22 15:45:23.045357,0
669,1,12,5.75652,11,50,2024-01-22 15:45:32.877844,0
670,1,12,6.116953,11,50,2024-01-22 15:45:42.707405,0
671,1,12,6.477423,11,50,2024-01-22 15:45:52.534542,0
672,1,12,6.83782,11,50,2024-01-22 15:46:02.366451,0
673,1,12,7.198289,11,50,2024-01-22 15:46:12.196223,0
674,1,12,7.558686,11,50,2024-01-22 15:46:22.023749,0
675,1,12,7.919119,11,50,2024-01-22 15:46:31.882173,0
676,1,12,8.28025,11,50,2024-01-22 15:46:41.699348,0
677,1,12,8.640023,11,50,2024-01-22 15:46:51.515733,0
678,1,12,9.000457,11,50,2024-01-22 15:47:01.368015,0
679,1,12,9.372991,11,50,2024-01-22 15:47:11.478549,0
680,1,12,9.732617,11,50,2024-01-22 15:47:21.334368,0
681,1,12,10.092978,11,50,2024-01-22 15:47:31.147776,0
682,1,12,10.453447,11,50,2024-01-22 15:47:40.977188,0
683,1,12,10.813917,11,50,2024-01-22 15:47:50.806541,0
684,1,12,11.174314,11,50,2024-01-22 15:48:00.682750,0
685,1,12,11.534783,11,50,2024-01-22 15:48:10.466328,0
686,1,12,11.895217,11,50,2024-01-22 15:48:20.308897,0
687,1,12,12.255651,11,50,2024-01-22 15:48:30.141366,0
688,1,12,12.616524,11,50,2024-01-22 15:48:40.277792,0
689,1,12,13.12366,11,50,2024-01-22 15:48:53.799318,0
690,1,12,13.495387,11,50,2024-01-22 15:49:03.926022,0
691,1,12,13.855087,11,50,2024-01-22 15:49:13.748394,0
692,1,12,14.215521,11,50,2024-01-22 15:49:23.573278,0
693,1,12,14.575954,11,50,2024-01-22 15:49:33.408856,0
694,1,12,14.936424,11,50,2024-01-22 15:49:43.240344,0
695,1,12,15.297407,11,50,2024-01-22 15:49:53.069504,0
696,1,12,15.668547,11,50,2024-01-22 15:50:03.203286,0
697,1,12,16.02898,11,50,2024-01-22 15:50:13.038112,0
698,1,12,16.389414,11,50,2024-01-22 15:50:22.873954,0
699,1,12,16.749811,11,50,2024-01-22 15:50:32.704822,0
700,1,12,17.110245,11,50,2024-01-22 15:50:42.529906,0
701,1,12,17.470715,11,50,2024-01-22 15:50:52.668352,0
702,1,12,17.842405,11,50,2024-01-22 15:51:02.494665,0
703,1,12,18.202875,11,50,2024-01-22 15:51:12.330823,0
704,1,12,18.563272,11,50,2024-01-22 15:51:22.151405,0
705,1,12,18.923706,11,50,2024-01-22 15:51:31.982446,0
706,1,12,19.284176,11,50,2024-01-22 15:51:41.816371,0
707,1,12,19.64461,11,50,2024-01-22 15:51:51.640569,0
708,1,12,20.0163,11,50,2024-01-22 15:52:01.782644,0
709,1,12,20.376734,11,50,2024-01-22 15:52:11.613936,0
710,1,12,20.737167,11,50,2024-01-22 15:52:21.446443,0
711,1,12,21.0976,11,50,2024-01-22 15:52:31.273133,0
712,1,12,21.45807,11,50,2024-01-22 15:52:41.113783,0
713,1,12,21.751257,11,50,2024-01-22 15:52:49.090703,0
714,1,12,22.04349,11,50,2024-01-22 15:52:57.074854,0
715,1,12,22.404179,11,50,2024-01-22 15:53:06.907570,0
716,1,12,22.764612,11,50,2024-01-22 15:53:16.742406,0
717,1,12,23.125082,11,50,2024-01-22 15:53:26.571807,0
718,1,12,23.418232,11,50,2024-01-22 15:53:34.552848,0
719,1,12,23.778372,11,50,2024-01-22 15:53:44.391505,0
720,1,12,24.138805,11,50,2024-01-22 15:53:54.829871,0
721,1,12,24.521751,11,50,2024-01-22 15:54:04.653569,0
722,1,12,24.882185,11,50,2024-01-22 15:54:14.486930,0
723,1,12,25.242619,11,50,2024-01-22 15:54:24.322224,0
724,1,12,25.603088,11,50,2024-01-22 15:54:34.147185,0
725,1,12,25.963522,11,50,2024-01-22 15:54:43.979156,0
726,1,12,26.323956,11,50,2024-01-22 15:54:53.807313,0
727,1,12,26.685013,11,50,2024-01-22 15:55:03.642882,0
728,1,12,27.044786,11,50,2024-01-22 15:55:13.469748,0
729,1,12,27.405256,11,50,2024-01-22 15:55:23.295623,0
730,1,12,27.76569,11,50,2024-01-22 15:55:33.148463,0
731,1,12,28.126087,11,50,2024-01-22 15:55:42.959005,0
732,1,12,28.486557,11,50,2024-01-22 15:55:52.795458,0
733,1,12,28.858248,11,50,2024-01-22 15:56:02.937985,0
734,1,12,29.218681,11,50,2024-01-22 15:56:12.763400,0
735,1,12,29.579187,11,50,2024-01-22 15:56:22.586253,0
736,1,12,29.943323,11,50,2024-01-22 15:56:32.742251,0
737,1,12,30.311274,11,50,2024-01-22 15:56:42.587635,0
738,1,12,30.709253,11,50,2024-01-22 15:56:53.612061,0
739,1,12,31.08846,11,50,2024-01-22 15:57:04.084512,0
740,1,12,31.460152,11,50,2024-01-22 15:57:13.892951,0
741,1,12,31.820585,11,50,2024-01-22 15:57:23.762055,0
742,1,12,32.226887,11,50,2024-01-22 15:57:34.822365,0
743,1,12,32.613575,11,50,2024-01-22 15:57:45.530445,0
744,1,12,32.992012,11,50,2024-01-22 15:57:55.663993,0
745,1,12,33.35248,11,50,2024-01-22 15:58:05.806606,0
746,1,12,33.724136,11,50,2024-01-22 15:58:15.634477,0
747,1,12,34.084606,11,50,2024-01-22 15:58:25.465597,0
748,1,12,34.445076,11,50,2024-01-22 15:58:35.294524,0
749,1,12,34.805473,11,50,2024-01-22 15:58:45.122930,0
750,1,12,35.165905,11,50,2024-01-22 15:58:54.957459,0
751,1,12,35.526337,11,50,2024-01-22 15:59:04.789450,0
752,1,12,35.88677,11,50,2024-01-22 15:59:14.613764,0
753,1,12,36.2472,11,50,2024-01-22 15:59:24.442295,0
754,1,12,36.60855,11,50,2024-01-22 15:59:34.594981,0
755,1,12,36.979362,11,50,2024-01-22 15:59:44.407219,0
756,1,12,37.339794,11,50,2024-01-22 15:59:54.860799,0
757,1,12,37.72274,11,50,2024-01-22 16:00:04.690924,0
758,1,12,38.08317,11,50,2024-01-22 16:00:14.515921,0
759,1,12,38.443604,11,50,2024-01-22 16:00:24.348394,0
760,1,12,38.80411,11,50,2024-01-22 16:00:34.176290,0
761,1,12,39.16451,11,50,2024-01-22 16:00:44.026235,0
762,1,12,39.52494,11,50,2024-01-22 16:00:53.839924,0
763,1,12,39.885372,11,50,2024-01-22 16:01:03.670278,0
764,1,12,40.245804,11,50,2024-01-22 16:01:13.494048,0
765,1,12,40.606236,11,50,2024-01-22 16:01:23.333210,0
766,1,12,40.966667,11,50,2024-01-22 16:01:33.157946,0
767,1,12,41.3271,11,50,2024-01-22 16:01:42.987061,0
768,1,12,41.68753,11,50,2024-01-22 16:01:52.821051,0
769,1,12,42.047962,11,50,2024-01-22 16:02:02.650813,0
770,1,12,42.408394,11,50,2024-01-22 16:02:12.488395,0
771,1,12,42.768864,11,50,2024-01-22 16:02:22.313031,0
772,1,12,43.129295,11,50,2024-01-22 16:02:32.136267,0
773,1,12,43.489693,11,50,2024-01-22 16:02:41.969219,0
774,1,12,43.850235,11,50,2024-01-22 16:02:51.802991,0
775,1,12,44.21056,11,50,2024-01-22 16:03:01.633400,0
776,1,12,44.57103,11,50,2024-01-22 16:03:11.464254,0
777,1,12,44.864216,11,50,2024-01-22 16:03:19.449639,0
778,1,12,45.157074,11,50,2024-01-22 16:03:27.435459,0
779,1,12,45.517178,11,50,2024-01-22 16:03:37.272945,0
780,1,12,45.87761,11,50,2024-01-22 16:03:47.098718,0
781,1,12,46.170795,11,50,2024-01-22 16:03:55.081744,0
782,1,12,46.463654,11,50,2024-01-22 16:04:03.077598,0
783,1,12,46.75651,11,50,2024-01-22 16:04:11.062503,0
784,1,12,47.116577,11,50,2024-01-22 16:04:20.887587,0
785,1,12,47.47701,11,50,2024-01-22 16:04:30.718365,0
786,1,12,47.83748,11,50,2024-01-22 16:04:40.544313,0
787,1,12,48.19795,11,50,2024-01-22 16:04:50.385664,0
788,1,12,48.558346,11,50,2024-01-22 16:05:00.203711,0
789,1,12,48.918777,11,50,2024-01-22 16:05:10.037089,0
790,1,12,49.279247,11,50,2024-01-22 16:05:19.866279,0
791,1,12,49.63968,11,50,2024-01-22 16:05:29.698967,0
792,1,12,50.000076,11,50,2024-01-22 16:05:39.524706,0
793,1,12,50.360546,11,50,2024-01-22 16:05:49.363519,0
794,1,12,50.766045,11,50,2024-01-22 16:06:00.449237,0
795,1,12,51.126476,11,50,2024-01-22 16:06:10.247882,0
796,1,12,51.486874,11,50,2024-01-22 16:06:20.091209,0
797,1,12,51.847343,11,50,2024-01-22 16:06:29.905010,0
798,1,12,52.20774,11,50,2024-01-22 16:06:39.740357,0
799,1,12,52.56821,11,50,2024-01-22 16:06:49.571008,0
800,1,12,0.32087,11,50,2024-01-22 16:07:16.598376,0
801,1,12,0.68035,11,50,2024-01-22 16:07:26.428165,0
802,1,12,1.04082,11,50,2024-01-22 16:07:36.264239,0
803,1,12,1.401217,11,50,2024-01-22 16:07:46.095979,0
804,1,12,1.76165,11,50,2024-01-22 16:07:55.928256,0
805,1,12,2.12212,11,50,2024-01-22 16:08:05.752848,0
806,1,12,2.482517,11,50,2024-01-22 16:08:15.583006,0
807,1,12,2.84295,11,50,2024-01-22 16:08:25.414646,0
808,1,12,3.203383,11,50,2024-01-22 16:08:35.247855,0
809,1,12,3.563817,11,50,2024-01-22 16:08:45.074564,0
810,1,12,3.924287,11,50,2024-01-22 16:08:54.922428,0
811,1,12,4.284683,11,50,2024-01-22 16:09:04.736566,0
812,1,12,4.64519,11,50,2024-01-22 16:09:14.566692,0
813,1,12,5.005587,11,50,2024-01-22 16:09:24.389881,0
814,1,12,5.36602,11,50,2024-01-22 16:09:34.235184,0
815,1,12,5.726526,11,50,2024-01-22 16:09:44.064775,0
816,1,12,6.086923,11,50,2024-01-22 16:09:53.889892,0
817,1,12,6.447356,11,50,2024-01-22 16:10:03.722922,0
818,1,12,6.807789,11,50,2024-01-22 16:10:13.550319,0
819,1,12,7.168222,11,50,2024-01-22 16:10:23.382523,0
820,1,12,7.528656,11,50,2024-01-22 16:10:33.203573,0
821,1,12,7.889089,11,50,2024-01-22 16:10:43.045075,0
822,1,12,8.249522,11,50,2024-01-22 16:10:52.862756,0
823,1,12,8.609956,11,50,2024-01-22 16:11:02.716230,0
824,1,12,8.970389,11,50,2024-01-22 16:11:12.528537,0
825,1,12,9.330786,11,50,2024-01-22 16:11:22.358201,0
826,1,12,9.691256,11,50,2024-01-22 16:11:32.184538,0
827,1,12,10.051689,11,50,2024-01-22 16:11:42.067578,0
828,1,12,10.423379,11,50,2024-01-22 16:11:52.194333,0
829,1,12,10.817619,11,50,2024-01-22 16:12:02.907462,0
830,1,12,11.178089,11,50,2024-01-22 16:12:12.732745,0
831,1,12,11.538486,11,50,2024-01-22 16:12:22.570725,0
832,1,12,11.898919,11,50,2024-01-22 16:12:32.392093,0
833,1,12,12.260563,11,50,2024-01-22 16:12:42.228378,0
834,1,12,12.619786,11,50,2024-01-22 16:12:52.054996,0
835,1,12,12.980256,11,50,2024-01-22 16:13:01.890054,0
836,1,12,13.341642,11,50,2024-01-22 16:13:11.715497,0
837,1,12,13.701122,11,50,2024-01-22 16:13:21.544936,0
838,1,12,14.061556,11,50,2024-01-22 16:13:31.379966,0
839,1,12,14.421989,11,50,2024-01-22 16:13:41.206869,0
840,1,12,14.782423,11,50,2024-01-22 16:13:51.038862,0
841,1,12,15.07561,11,50,2024-01-22 16:13:59.050794,0
842,1,12,15.368466,11,50,2024-01-22 16:14:07.038720,0
843,1,12,15.72857,11,50,2024-01-22 16:14:16.836119,0
844,1,12,16.089003,11,50,2024-01-22 16:14:26.672191,0
845,1,12,16.449436,11,50,2024-01-22 16:14:36.504249,0
846,1,12,16.80987,11,50,2024-01-22 16:14:46.331305,0
847,1,12,17.170303,11,50,2024-01-22 16:14:56.160118,0
849,1,12,17.958784,11,50,2024-01-22 16:15:17.669787,0
850,1,12,18.319218,11,50,2024-01-22 16:15:27.490232,0
851,1,12,18.690908,11,50,2024-01-22 16:15:37.626602,0
854,1,12,19.77221,11,50,2024-01-22 16:16:07.140778,0
858,1,12,21.21398,11,50,2024-01-22 16:16:46.751162,0
859,1,12,21.58567,11,50,2024-01-22 16:16:56.584207,0
860,1,12,21.946104,11,50,2024-01-22 16:17:06.412897,0
861,1,12,22.306574,11,50,2024-01-22 16:17:16.241327,0
848,1,12,17.530737,11,50,2024-01-22 16:15:07.832933,0
852,1,12,19.051342,11,50,2024-01-22 16:15:47.461727,0
855,1,12,20.132679,11,50,2024-01-22 16:16:16.959183,0
856,1,12,20.493113,11,50,2024-01-22 16:16:26.803452,0
857,1,12,20.853546,11,50,2024-01-22 16:16:36.617334,0
853,1,12,19.411812,11,50,2024-01-22 16:15:57.295992,0
862,1,12,22.678226,11,50,2024-01-22 16:17:26.429980,0
863,1,12,23.050869,11,50,2024-01-22 16:17:36.527468,0
864,1,12,23.410385,11,50,2024-01-22 16:17:46.357502,0
865,1,12,23.770819,11,50,2024-01-22 16:17:56.184296,0
866,1,12,24.131252,11,50,2024-01-22 16:18:06.025092,0
867,1,12,0.30998,11,50,2024-01-22 16:19:46.775855,0
868,1,12,0.95315,11,50,2024-01-22 16:20:04.296547,0
869,1,12,1.583083,11,50,2024-01-22 16:20:21.485284,0
870,1,12,0.317827,11,50,2024-01-22 16:21:55.482440,0
871,1,12,0.94754,11,50,2024-01-22 16:22:12.702841,0
872,1,12,1.578317,11,50,2024-01-22 16:22:29.898361,0
873,1,12,2.209093,11,50,2024-01-22 16:22:47.106724,0
874,1,12,2.85131,11,50,2024-01-22 16:23:04.639167,0
875,1,12,3.482967,11,50,2024-01-22 16:23:21.819814,0
876,1,12,4.112973,11,50,2024-01-22 16:23:39.012822,0
877,1,12,4.743713,11,50,2024-01-22 16:23:56.223298,0
878,1,0,0,-37.878788,0,2024-01-22 18:55:22.652159,0
879,1,0,0,-37.878788,0,2024-01-22 18:56:03.811588,0
880,1,0,0,-37.878788,0,2024-01-22 18:56:45.703986,0
881,1,0,0,-37.878788,0,2024-01-22 18:57:27.793319,0
882,1,0,0,-37.878788,0,2024-01-22 18:58:08.142667,0
883,1,0,0,-37.878788,0,2024-01-22 18:58:50.522735,0
884,1,0,0,-37.878788,0,2024-01-22 18:59:36.605842,0
885,1,0,0,-37.878788,0,2024-01-22 19:00:19.051349,0
886,1,0,0,-37.878788,0,2024-01-22 19:01:02.204031,0
887,1,0,0,-37.878788,0,2024-01-22 19:01:42.557725,0
888,1,0,0,-37.878788,0,2024-01-22 19:02:22.489620,0
889,1,0,0,-37.878788,0,2024-01-22 19:03:02.748394,0
890,1,0,0,-37.878788,0,2024-01-22 19:03:42.782749,0
891,1,0,0,-37.878788,0,2024-01-22 19:04:21.890194,0
892,1,0,0,-37.878788,0,2024-01-22 19:05:02.047266,0
893,1,0,0,-37.878788,0,2024-01-22 19:05:44.037885,0
894,1,0,0,-37.878788,0,2024-01-22 19:06:23.649762,0
895,1,0,0,-37.878788,0,2024-01-22 19:07:03.172048,0
896,1,0,0,-37.878788,0,2024-01-22 19:07:46.820711,0
897,1,0,0,-37.878788,0,2024-01-22 19:08:26.359909,0
898,1,0,0,-37.878788,0,2024-01-22 19:09:08.617237,0
899,1,0,0,-37.878788,0,2024-01-22 19:09:48.053369,0
900,1,0,0,-37.878788,0,2024-01-22 19:10:27.465314,0
901,1,0,0,-37.878788,0,2024-01-22 19:11:09.656491,0
902,1,0,0,-37.878788,0,2024-01-22 19:11:49.489470,0
903,1,0,0,-37.878788,0,2024-01-22 19:12:33.413031,0
904,1,0,0,-37.878788,0,2024-01-22 19:13:15.611741,0
905,1,0,0,-37.878788,0,2024-01-22 19:13:55.742011,0
906,1,0,0,-37.878788,0,2024-01-22 19:14:35.471868,0
907,1,0,0,-37.878788,0,2024-01-22 19:15:17.460381,0
908,1,0,0,-37.878788,0,2024-01-22 19:15:57.595881,0
909,1,0,0,-37.878788,0,2024-01-22 19:16:36.503895,0
910,1,0,0,-37.878788,0,2024-01-22 19:17:15.634858,0
911,1,0,0,-37.878788,0,2024-01-22 19:17:54.742495,0
912,1,0,0,-37.878788,0,2024-01-22 19:18:39.207033,0
913,1,0,0,-37.878788,0,2024-01-22 19:19:22.412187,0
914,1,0,0,-37.878788,0,2024-01-22 19:20:13.402944,0
915,1,0,0,-37.878788,0,2024-01-22 19:20:57.046568,0
916,1,0,0,-37.878788,0,2024-01-22 19:21:36.546748,0
917,1,0,0,-37.878788,0,2024-01-22 19:22:15.862599,0
918,1,0,0,-37.878788,0,2024-01-22 19:22:56.629131,0
919,1,0,0,-37.878788,0,2024-01-22 19:23:36.772120,0
920,1,0,0,-37.878788,0,2024-01-22 19:24:16.095662,0
921,1,0,0,-37.878788,0,2024-01-22 19:24:55.814938,0
922,1,0,0,-37.878788,0,2024-01-22 19:25:38.629017,0
923,1,0,0,-37.878788,0,2024-01-22 19:26:17.735525,0
924,1,0,0,-37.878788,0,2024-01-22 19:26:59.719217,0
925,1,0,0,-37.878788,0,2024-01-22 19:27:39.866924,0
926,1,0,0,-37.878788,0,2024-01-22 19:28:20.206465,0
927,1,0,0,-37.878788,0,2024-01-22 19:28:59.526076,0
928,1,0,0,-37.878788,0,2024-01-22 19:29:39.669919,0
929,1,0,0,-37.878788,0,2024-01-22 19:30:19.204549,0
930,1,0,0,-37.878788,0,2024-01-22 19:30:58.924629,0
931,1,0,0,-37.878788,0,2024-01-22 19:31:38.447640,0
932,1,0,0,-37.878788,0,2024-01-22 19:32:22.481945,0
933,1,0,0,-37.878788,0,2024-01-22 19:33:02.211417,0
934,1,0,0,-37.878788,0,2024-01-22 19:33:41.758959,0
935,1,0,0,-37.878788,0,2024-01-22 19:34:20.455500,0
936,1,0,0,-37.878788,0,2024-01-22 19:35:00.403959,0
937,1,0,0,-37.878788,0,2024-01-22 19:35:39.918660,0
938,1,0,0,-37.878788,0,2024-01-22 19:36:19.640321,0
939,1,0,0,-37.878788,0,2024-01-22 19:36:58.971970,0
940,1,0,0,-37.878788,0,2024-01-22 19:37:38.293938,0
941,1,0,0,-37.878788,0,2024-01-22 19:38:17.407812,0
942,1,0,0,-37.878788,0,2024-01-22 19:38:56.327977,0
943,1,0,0,-37.878788,0,2024-01-22 19:39:38.709826,0
944,1,0,0,-37.878788,0,2024-01-22 19:40:18.244646,0
945,1,0,0,-37.878788,0,2024-01-22 19:40:57.770450,0
946,1,0,0,-37.878788,0,2024-01-22 19:41:39.341128,0
947,1,0,0,-37.878788,0,2024-01-22 19:42:02.289291,0
948,1,0,0,-37.878788,0,2024-01-22 19:42:42.439631,0
949,1,0,0,-37.878788,0,2024-01-22 19:43:21.555374,0
950,1,0,0,-37.878788,0,2024-01-22 19:44:04.130893,0
951,1,0,0,-37.878788,0,2024-01-22 19:44:46.523479,0
952,1,0,0,-37.878788,0,2024-01-22 19:45:26.455447,0
953,1,0,0,-37.878788,0,2024-01-22 19:46:06.805105,0
954,1,0,0,-37.878788,0,2024-01-22 19:46:47.157560,0
955,1,0,0,-37.878788,0,2024-01-22 19:47:26.478743,0
956,1,0,0,-37.878788,0,2024-01-22 19:48:05.379486,0
957,1,0,0,-37.878788,0,2024-01-22 19:48:45.932931,0
958,1,0,0,-37.878788,0,2024-01-22 19:49:25.255752,0
959,1,0,0,-37.878788,0,2024-01-22 19:50:04.805659,0
960,1,0,0,-37.878788,0,2024-01-22 19:50:47.787977,0
961,1,0,0,-37.878788,0,2024-01-22 19:51:37.962684,0
962,1,0,0,-37.878788,0,2024-01-22 19:52:31.418121,0
963,1,0,0,-37.878788,0,2024-01-22 19:53:11.975808,0
964,1,0,0,-37.878788,0,2024-01-22 19:53:52.936281,0
965,1,0,0,-37.878788,0,2024-01-22 19:54:33.089164,0
966,1,0,0,-37.878788,0,2024-01-22 19:55:12.803423,0
967,1,0,0,-37.878788,0,2024-01-22 19:55:55.807017,0
968,1,0,0,-37.878788,0,2024-01-22 19:56:22.658349,0
969,1,0,0,-37.878788,0,2024-01-22 19:57:05.858079,0
970,1,0,0,-37.878788,0,2024-01-22 19:57:45.797051,0
971,1,0,0,-37.878788,0,2024-01-22 19:58:28.589837,0
972,1,0,0,-37.878788,0,2024-01-22 19:59:11.606669,0
973,1,0,0,-37.878788,0,2024-01-22 19:59:51.741959,0
974,1,0,0,-37.878788,0,2024-01-22 20:00:34.337408,0
975,1,0,0,-37.878788,0,2024-01-22 20:01:14.082869,0
976,1,0,0,-37.878788,0,2024-01-22 20:01:56.728933,0
977,1,0,0,-37.878788,0,2024-01-22 20:02:46.839613,0
978,1,0,0,-37.878788,0,2024-01-22 20:03:30.714520,0
979,1,0,0,-37.878788,0,2024-01-22 20:04:13.888725,0
980,1,0,0,-37.878788,0,2024-01-22 20:04:53.206206,0
981,1,0,0,-37.878788,0,2024-01-22 20:05:32.946143,0
982,1,0,0,-37.878788,0,2024-01-22 20:06:12.472800,0
983,1,0,0,-37.878788,0,2024-01-22 20:06:51.881867,0
984,1,0,0,-37.878788,0,2024-01-22 20:07:36.224938,0
985,1,0,0,-37.878788,0,2024-01-22 20:08:23.748692,0
986,1,0,0,-37.878788,0,2024-01-22 20:09:06.556872,0
987,1,0,0,-37.878788,0,2024-01-22 20:09:51.823269,0
988,1,0,0,-37.878788,0,2024-01-22 20:10:31.944959,0
989,1,0,0,-37.878788,0,2024-01-22 20:13:13.738114,0
990,1,0,0,-37.878788,0,2024-01-22 20:13:57.767059,0
991,1,0,0,-37.878788,0,2024-01-22 20:14:37.503464,0
992,1,0,0,-37.878788,0,2024-01-22 20:15:16.883958,0
993,1,0,0,-37.878788,0,2024-01-22 20:15:56.551572,0
994,1,0,0,-37.878788,0,2024-01-22 20:16:35.466502,0
995,1,0,0,-37.878788,0,2024-01-22 20:17:17.860457,0
996,1,0,0,-37.878788,0,2024-01-22 20:17:57.384835,0
997,1,0,0,-37.878788,0,2024-01-22 20:18:39.172720,0
998,1,0,0,-37.878788,0,2024-01-22 20:19:28.321180,0
999,1,0,0,-37.878788,0,2024-01-22 20:20:08.262053,0
1000,1,0,0,-37.878788,0,2024-01-22 20:20:48.184736,0
1001,1,0,0,-37.878788,0,2024-01-22 20:21:27.920896,0
1002,1,0,0,-37.878788,0,2024-01-22 20:22:10.112842,0
1003,1,0,0,-37.878788,0,2024-01-22 20:22:49.632202,0
1004,1,0,0,-37.878788,0,2024-01-22 20:23:29.789569,0
1005,1,0,0,-37.878788,0,2024-01-22 20:24:24.991407,0
1006,1,0,0,-37.878788,0,2024-01-22 20:25:04.395708,0
1007,1,0,0,-37.878788,0,2024-01-22 20:25:47.004348,0
1008,1,0,0,-37.878788,0,2024-01-22 20:26:30.344663,0
1009,1,0,0,-37.878788,0,2024-01-22 20:27:11.369931,0
1010,1,0,0,-37.878788,0,2024-01-22 20:27:52.682612,0
1011,1,0,0,-37.878788,0,2024-01-22 20:28:36.980895,0
1012,1,0,0,-37.878788,0,2024-01-22 20:29:18.159232,0
1013,1,0,0,-37.878788,0,2024-01-22 20:29:58.084217,0
1014,1,0,0,-37.878788,0,2024-01-22 20:30:37.614769,0
1015,1,0,0,-37.878788,0,2024-01-22 20:31:17.130121,0
1016,1,0,0,-37.878788,0,2024-01-22 20:31:58.296294,0
1017,1,0,0,-37.878788,0,2024-01-22 20:32:38.650777,0
1018,1,0,0,-37.878788,0,2024-01-22 20:33:17.971767,0
1019,1,0,0,-37.878788,0,2024-01-22 20:33:57.418493,0
1020,1,0,0,-37.878788,0,2024-01-22 20:34:40.083401,0
1021,1,0,0,-37.878788,0,2024-01-22 20:35:24.113720,0
1022,1,0,0,-37.878788,0,2024-01-22 20:36:03.439882,0
1023,1,0,0,-37.878788,0,2024-01-22 20:36:44.089720,0
1024,1,0,0,-37.878788,0,2024-01-22 20:37:25.362344,0
1025,1,0,0,-37.878788,0,2024-01-22 20:38:08.572985,0
1026,1,0,0,-37.878788,0,2024-01-22 20:38:53.427778,0
1027,1,0,0,-37.878788,0,2024-01-22 20:39:33.780015,0
1028,1,0,0,-37.878788,0,2024-01-22 20:40:13.913465,0
1029,1,0,0,-37.878788,0,2024-01-22 20:40:55.078183,0
1030,1,0,0,-37.878788,0,2024-01-22 20:41:40.338228,0
1031,1,0,0,-37.878788,0,2024-01-22 20:42:28.669496,0
1032,1,0,0,-37.878788,0,2024-01-22 20:43:07.787793,0
1033,1,0,0,-37.878788,0,2024-01-22 20:43:48.234074,0
1034,1,0,0,-37.878788,0,2024-01-22 20:44:38.206359,0
1035,1,0,0,-37.878788,0,2024-01-22 20:45:21.313564,0
1036,1,0,0,-37.878788,0,2024-01-22 20:46:03.435501,0
1037,1,0,0,-37.878788,0,2024-01-22 20:46:45.897831,0
1038,1,0,0,-37.878788,0,2024-01-22 20:47:30.333310,0
1039,1,0,0,-37.878788,0,2024-01-22 20:48:09.662773,0
1040,1,0,0,-37.878788,0,2024-01-22 20:48:48.983505,0
1041,1,0,0,-37.878788,0,2024-01-22 20:49:28.098354,0
1042,1,0,0,-37.878788,0,2024-01-22 20:50:12.534111,0
1043,1,0,0,-37.878788,0,2024-01-22 20:50:56.079649,0
1044,1,0,0,-37.878788,0,2024-01-22 20:51:35.488657,0
1045,1,0,0,-37.878788,0,2024-01-22 20:52:16.241322,0
1046,1,0,0,-37.878788,0,2024-01-22 20:53:01.303843,0
1047,1,0,0,-37.878788,0,2024-01-22 20:53:49.833322,0
1048,1,0,0,-37.878788,0,2024-01-22 20:54:33.566742,0
1049,1,0,0,-37.878788,0,2024-01-22 20:55:13.394828,0
1050,1,0,0,-37.878788,0,2024-01-22 20:55:54.760401,0
1051,1,0,0,-37.878788,0,2024-01-22 20:56:37.560915,0
1052,1,0,0,-37.878788,0,2024-01-22 20:57:19.955373,0
1053,1,0,0,-37.878788,0,2024-01-22 20:58:05.132615,0
1054,1,0,0,-37.878788,0,2024-01-22 20:58:48.458737,0
1055,1,0,0,-37.878788,0,2024-01-22 20:59:31.850993,0
1056,1,0,0,-37.878788,0,2024-01-22 21:00:10.864334,0
1057,1,0,0,-37.878788,0,2024-01-22 21:00:50.695712,0
1058,1,0,0,-37.878788,0,2024-01-22 21:01:30.735660,0
1059,1,0,0,-37.878788,0,2024-01-22 21:02:14.467767,0
1060,1,0,0,-37.878788,0,2024-01-22 21:02:57.079527,0
1061,1,0,0,-37.878788,0,2024-01-22 21:03:36.800599,0
1062,1,0,0,-37.878788,0,2024-01-22 21:04:16.526272,0
1063,1,0,0,-37.878788,0,2024-01-22 21:04:56.864070,0
1064,1,0,0,-37.878788,0,2024-01-22 21:05:35.985041,0
1065,1,0,0,-37.878788,0,2024-01-22 21:06:19.408244,0
1066,1,0,0,-37.878788,0,2024-01-22 21:06:58.729524,0
1067,1,0,0,-37.878788,0,2024-01-22 21:07:40.198383,0
1068,1,0,0,-37.878788,0,2024-01-22 21:08:21.056287,0
1069,1,0,0,-37.878788,0,2024-01-22 21:09:01.400217,0
1070,1,0,0,-37.878788,0,2024-01-22 21:09:44.817326,0
1071,1,0,0,-37.878788,0,2024-01-22 21:10:28.038633,0
1072,1,0,0,-37.878788,0,2024-01-22 21:11:12.272346,0
1073,1,0,0,-37.878788,0,2024-01-22 21:11:57.127266,0
1074,1,0,0,-37.878788,0,2024-01-22 21:13:33.783136,0
1075,1,0,0,-37.878788,0,2024-01-22 21:14:16.275607,0
1076,1,0,0,-37.878788,0,2024-01-22 21:15:07.588755,0
1077,1,0,0,-0.706765,0,2024-01-22 21:17:19.267662,0
1078,1,0,0,-0.706765,0,2024-01-22 21:18:29.927818,0
1079,1,0,0,-0.706765,0,2024-01-22 21:19:14.367098,0
1080,1,0,0,-0.706765,0,2024-01-22 21:19:58.616359,0
1081,1,0,0,-0.706765,0,2024-01-22 21:20:40.393852,0
1082,1,0,0,-0.706765,0,2024-01-22 21:21:20.535194,0
1083,1,0,0,-0.706765,0,2024-01-22 21:22:02.509124,0
1084,1,0,0,-0.706765,0,2024-01-22 21:22:42.807410,0
1085,1,0,0,-0.706765,0,2024-01-22 21:23:23.203000,0
1086,1,0,0,-0.706765,0,2024-01-22 21:48:06.572503,0
1087,1,0,0,-5,0,2024-01-23 03:27:36.531684,0
1088,1,0,0,-5,0,2024-01-23 03:29:59.508486,0
1089,1,0,0,-5,0,2024-01-23 03:37:09.728077,0
1090,1,12.3,4.645341,10.8,51.25,2024-01-23 05:49:44.214168,0
1091,1,12.3,0.336676,10.8,51.25,2024-01-23 05:51:59.976800,0
1092,1,12.3,1.048587,10.8,51.25,2024-01-23 05:52:19.324411,0
1093,1,12.3,1.777141,10.8,51.25,2024-01-23 05:52:39.109310,0
1094,1,12.3,2.483223,10.8,51.25,2024-01-23 05:52:58.136998,0
1095,1,12.3,3.183474,10.8,51.25,2024-01-23 05:53:17.293471,0
1096,1,12.3,3.889334,10.8,51.25,2024-01-23 05:53:36.431940,0
1097,1,12.3,4.724381,10.8,51.25,2024-01-23 05:53:58.964407,0
1098,1,12.3,5.424116,10.8,51.25,2024-01-23 05:54:18.119793,0
1099,1,12.3,6.140862,10.8,51.25,2024-01-23 05:54:37.468817,0
1100,1,12.3,6.841114,10.8,51.25,2024-01-23 05:54:56.528242,0
1101,1,12.3,7.563136,10.8,51.25,2024-01-23 05:55:15.868820,0
1103,1,12.3,2.170975,10.8,51.25,2024-01-23 06:00:49.554619,0
1108,1,12.3,5.710681,10.8,51.25,2024-01-23 06:02:25.179120,0
1110,1,12.3,7.1179,10.8,51.25,2024-01-23 06:03:03.351712,0
1112,1,12.3,8.530285,10.8,51.25,2024-01-23 06:03:41.661211,0
1115,1,12.3,2.333519,10.8,51.25,2024-01-23 06:05:11.172579,0
1116,1,12.3,3.029121,10.8,51.25,2024-01-23 06:05:30.019634,0
1117,1,12.3,3.781807,10.8,51.25,2024-01-23 06:05:50.372678,0
1119,1,12.3,5.261904,10.8,51.25,2024-01-23 06:06:30.411975,0
1120,1,12.3,5.952561,10.8,51.25,2024-01-23 06:06:49.151282,0
1121,1,12.3,1.064417,10.8,51.25,2024-01-23 06:08:42.773200,0
1122,1,12.3,1.783377,10.8,51.25,2024-01-23 06:09:02.120440,0
1125,1,12.3,3.891438,10.8,51.25,2024-01-23 06:09:59.145017,0
1126,1,12.3,4.582907,10.8,51.25,2024-01-23 06:10:17.885025,0
1127,1,12.3,5.293269,10.8,51.25,2024-01-23 06:10:37.153164,0
1129,1,12.3,6.697867,10.8,51.25,2024-01-23 06:11:15.122325,0
1130,1,12.3,7.397565,10.8,51.25,2024-01-23 06:11:34.063277,0
1131,1,12.3,8.084865,10.8,51.25,2024-01-23 06:11:53.322050,0
1132,1,12.3,8.815264,10.8,51.25,2024-01-23 06:12:12.789498,0
1133,1,12.3,9.509759,10.8,51.25,2024-01-23 06:12:31.330438,0
1134,1,12.3,10.197833,10.8,51.25,2024-01-23 06:12:49.933978,0
1135,1,12.3,10.899413,10.8,51.25,2024-01-23 06:13:09.002951,0
1136,1,12.3,11.599369,10.8,51.25,2024-01-23 06:13:28.145602,0
1137,1,12.3,12.320173,10.8,51.25,2024-01-23 06:13:47.381049,0
1138,1,12.3,13.009502,10.8,51.25,2024-01-23 06:14:06.250127,0
1139,1,12.3,13.711562,10.8,51.25,2024-01-23 06:14:25.496994,0
1141,1,12.3,15.144684,10.8,51.25,2024-01-23 06:15:04.606202,0
1102,1,12.3,8.393127,10.8,51.25,2024-01-23 05:55:38.408065,0
1104,1,12.3,2.881411,10.8,51.25,2024-01-23 06:01:08.576783,0
1105,1,12.3,3.595942,10.8,51.25,2024-01-23 06:01:27.916484,0
1106,1,12.3,4.302135,10.8,51.25,2024-01-23 06:01:46.866185,0
1107,1,12.3,5.00198,10.8,51.25,2024-01-23 06:02:06.125364,0
1109,1,12.3,6.410933,10.8,51.25,2024-01-23 06:02:44.398794,0
1111,1,12.3,7.816565,10.8,51.25,2024-01-23 06:03:22.432434,0
1113,1,12.3,0.942611,10.8,51.25,2024-01-23 06:04:33.477762,0
1114,1,12.3,1.64205,10.8,51.25,2024-01-23 06:04:52.431973,0
1118,1,12.3,4.490324,10.8,51.25,2024-01-23 06:06:11.671011,0
1123,1,12.3,2.477577,10.8,51.25,2024-01-23 06:09:20.734137,0
1124,1,12.3,3.185171,10.8,51.25,2024-01-23 06:09:40.112788,0
1128,1,12.3,6.003299,10.8,51.25,2024-01-23 06:10:56.483388,0
1140,1,12.3,14.421112,10.8,51.25,2024-01-23 06:14:44.837512,0
1142,1,12.3,16.376406,10.8,51.25,2024-01-23 06:25:07.066692,0
1143,1,12.3,17.099646,10.8,51.25,2024-01-23 06:25:26.556858,0
1144,1,12.3,17.8013,10.8,51.25,2024-01-23 06:25:45.698441,0
1145,1,12.3,18.535093,10.8,51.25,2024-01-23 06:26:05.400756,0
1146,1,12.3,19.245087,10.8,51.25,2024-01-23 06:26:24.706928,0
1147,1,12.3,19.951832,10.8,51.25,2024-01-23 06:26:43.754446,0
1148,1,12.3,20.666216,10.8,51.25,2024-01-23 06:27:03.013046,0
1149,1,12.3,21.369383,10.8,51.25,2024-01-23 06:27:22.367140,0
1150,1,12.3,0.33793,10.8,51.25,2024-01-23 06:36:22.105863,0
1151,1,12.3,1.056263,10.8,51.25,2024-01-23 06:36:41.354167,0
1152,1,12.3,1.758248,10.8,51.25,2024-01-23 06:37:00.194914,0
1153,1,12.3,2.458094,10.8,51.25,2024-01-23 06:37:19.438206,0
1154,1,12.3,3.198308,10.8,51.25,2024-01-23 06:37:39.503245,0
1155,1,12.3,3.89808,10.8,51.25,2024-01-23 06:38:01.305246,0
1156,1,12.3,4.720618,10.8,51.25,2024-01-23 06:38:20.480300,0
1157,1,12.3,5.409135,10.8,51.25,2024-01-23 06:38:40.238251,0
1158,1,12.3,6.156471,10.8,51.25,2024-01-23 06:38:59.495256,0
1159,1,12.3,6.848752,10.8,51.25,2024-01-23 06:39:18.341691,0
1160,1,12.3,7.543984,10.8,51.25,2024-01-23 06:39:37.274941,0
1161,1,12.3,8.295933,10.8,51.25,2024-01-23 06:39:57.565848,0
1162,1,12.3,9.005446,10.8,51.25,2024-01-23 06:40:17.022494,0
1163,1,12.3,9.724997,10.8,51.25,2024-01-23 06:40:36.459434,0
1164,1,12.3,10.43082,10.8,51.25,2024-01-23 06:40:55.514010,0
1165,1,12.3,11.140369,10.8,51.25,2024-01-23 06:41:14.638547,0
1166,1,12.3,11.837005,10.8,51.25,2024-01-23 06:41:33.398624,0
1167,1,12.3,12.545964,10.8,51.25,2024-01-23 06:41:52.645291,0
1168,1,12.3,13.439277,10.8,51.25,2024-01-23 06:42:19.914985,0
1169,1,12.3,14.537236,10.8,51.25,2024-01-23 06:42:46.926549,0
1170,1,12.3,15.26317,10.8,51.25,2024-01-23 06:43:06.778641,0
1171,1,12.3,15.99582,10.8,51.25,2024-01-23 06:43:26.268451,0
1172,1,12.3,16.714853,10.8,51.25,2024-01-23 06:43:45.688061,0
1173,1,12.3,0.895526,10.8,51.25,2024-01-23 06:44:38.647833,0
1174,1,12.3,1.606589,10.8,51.25,2024-01-23 06:44:57.577248,0
1175,1,12.3,0.923902,10.8,51.25,2024-01-23 06:51:41.472541,0
1176,1,12.3,1.631238,10.8,51.25,2024-01-23 06:52:00.583322,0
1177,1,12.3,2.352597,10.8,51.25,2024-01-23 06:52:20.073394,0
1178,1,12.3,3.146057,10.8,51.25,2024-01-23 06:52:42.379497,0
1179,1,12.3,3.912766,10.8,51.25,2024-01-23 06:53:02.537863,0
1180,1,12.3,5.537436,10.8,51.25,2024-01-23 06:53:46.570940,0
1181,1,12.3,6.398461,10.8,51.25,2024-01-23 06:54:11.160113,0
1182,1,12.3,7.274836,10.8,51.25,2024-01-23 06:54:35.419853,0
1183,1,12.3,2.439348,10.8,51.25,2024-01-23 07:05:24.184078,0
1184,1,12.3,6.534253,10.8,51.25,2024-01-23 07:06:27.135390,0
1185,1,12.3,19.224052,10.8,51.25,2024-01-23 07:13:24.039313,0
1186,1,12.3,24.240608,10.8,51.25,2024-01-23 07:14:26.986806,0
1187,1,12.3,34.082428,10.8,51.25,2024-01-23 07:20:24.218315,0
1188,1,12.3,39.74492,10.8,51.25,2024-01-23 07:21:27.142007,0
1189,1,12.3,0.324794,10.8,51.25,2024-02-06 20:33:54.844696,0
1190,1,12.3,0.907076,10.8,51.25,2024-02-06 20:34:10.879812,0
1191,1,12.3,1.50028,10.8,51.25,2024-02-06 20:34:26.783272,0
1192,1,12.3,2.085588,10.8,51.25,2024-02-06 20:34:42.674339,0
1193,1,12.3,2.67883,10.8,51.25,2024-02-06 20:34:58.633219,0
1194,1,12.3,3.302292,10.8,51.25,2024-02-06 20:35:15.533004,0
1195,1,12.3,3.869076,10.8,51.25,2024-02-06 20:35:30.893232,0
1196,1,12.3,4.443388,10.8,51.25,2024-02-06 20:35:46.609890,0
1197,1,12.3,5.025301,10.8,51.25,2024-02-06 20:36:02.333319,0
1198,1,12.3,5.607177,10.8,51.25,2024-02-06 20:36:17.993835,0
1199,1,12.3,6.204183,10.8,51.25,2024-02-06 20:36:34.373834,0
1200,1,12.3,6.790228,10.8,51.25,2024-02-06 20:36:50.307260,0
1201,1,12.3,7.375463,10.8,51.25,2024-02-06 20:37:06.123520,0
1202,1,12.3,7.953612,10.8,51.25,2024-02-06 20:37:21.793768,0
1203,1,12.3,8.543126,10.8,51.25,2024-02-06 20:37:37.552935,0
1204,1,12.3,9.143858,10.8,51.25,2024-02-06 20:37:54.049800,0
